Estabelecimento_ID,PolaridadeTexto,PolaridadeValor
ChIJwyMV-yf4zpQR9lsnx8FfygI,Positivo,0.5881557765151515
ChIJxbXNHalZzpQRYb-PzJ3bbTQ,Positivo,0.4090693948412698
ChIJUfod8zRfzpQR-IlJWAVwxOk,Positivo,0.9183333333333332
ChIJpVFK2xpYzpQRRN7Cdq6VrRA,Positivo,0.4936458333333333
ChIJJ14kJNj3zpQRAm6a2hBwSjE,Positivo,0.7690178571428571
ChIJK76a5E5YzpQRCoY7nm1M3-k,Positivo,0.5088054522156085
ChIJ-8tnwpBYzpQRi_6bJhe9-WE,Positivo,0.2298921506734006
ChIJ_Sg3TMZVzpQRXY7AceI8s-8,Positivo,0.3958333333333333
ChIJk_P5UkJQzpQRue4l2YSfWxk,Positivo,0.384448009672619
ChIJIxx3M8xZzpQR8_zbwK72tdk,Positivo,0.4091477272727272
ChIJTUNAISr_zpQRctHZlQcaMcg,Positivo,0.4512925170068027
ChIJx1jRGMhezpQR8WxzTzsEuig,Positivo,0.342327178030303
ChIJ-QtUogDl3JQRtupIWJ5X47g,Positivo,0.6107708333333334
ChIJj36w_Xv3zpQRmH4qZPQ-x88,Positivo,0.6936904761904762
ChIJ_YB_IodZzpQRfLLcJed_64M,Positivo,0.3028370535714286
ChIJD7gbP51bzpQRT_i_CWnnMrc,Positivo,0.703125
ChIJVbqDuQ71zpQRExf_kysknmY,Positivo,0.6385069444444444
ChIJO6oDSgXVmwARxN0rtbj_U-s,Positivo,0.2530190972222222
ChIJOQ3hklhD65QRyq-50jWUKS4,Positivo,0.5153000992063492
ChIJx6dTXrNezpQRnRbw_fdtudU,Positivo,0.4625
ChIJv4xlWuZQzpQRO9DGtpe9aDg,Positivo,0.4319653003246753
ChIJt5yqle1RzpQRWnBJWvlIA5Y,Positivo,0.4382775673400673
ChIJxUqWtW1XzpQRWNHbLkPAQbQ,Negativo,-0.2
ChIJp2vwx51QzpQRKjGUXXQYnRE,Positivo,0.3927777777777778
ChIJwZNYylBXzpQRpeR6yqt3eIU,Positivo,0.291953125
ChIJW0-BOkxbzpQRhl5v2V7899I,Positivo,0.4708434794372294
ChIJu8EHFSdXzpQR1KJcoQirnhk,Positivo,0.3155981785864598
ChIJ_-YRjfhazpQR7gYGEedNBh0,Positivo,0.3119675925925926
ChIJSXFgayZZzpQRnM_0LxWgHQo,Positivo,0.3912514762849584
ChIJrReVgtBRzpQRZ16lx3aELGA,Positivo,0.4451522435897436
ChIJV9JyLWL1zpQRBdCqwYm0Zjc,Positivo,0.3970867124773375
ChIJe9EBAL73zpQRLZIhmE5QDIs,Positivo,0.7543402777777777
ChIJE7fGPjVZzpQRNXepU-U81EE,Positivo,0.3377011183261183
ChIJoUA9OglazpQRE29TdonoX1w,Positivo,0.3083384208384208
ChIJ7zVPBFizyJQR-FuLH9tuUuY,Positivo,0.5377519728535354
ChIJG9i1_-9ZzpQRnQZaz9a39qY,Positivo,0.4088181667869168
ChIJZfj54Ox0K4cRRWyzD10xe_E,Positivo,0.4159672037760417
ChIJMXOqKCFbzpQR6IESZVqKgg8,Positivo,0.8238888888888889
ChIJS0ow_dDzoAARDAbz9PTvJ1c,Positivo,0.4625631313131313
ChIJcfHlTQpZzpQR5-Wfjj4BGEw,Positivo,0.3463541666666666
ChIJ45j10xBazpQRT4dnh1VdeO8,Positivo,0.6541666666666667
ChIJITg4Q3v3zpQRnQkFD52tpf0,Positivo,0.3884375
ChIJV4xURAdazpQR-77S9u8qhSk,Positivo,0.3538626700680272
ChIJ7_mrYuxZzpQR5TSbgouQ2PM,Positivo,0.4458475942460317
ChIJQYL87YJZzpQRBP2sgHRkYDY,Positivo,0.4855151654411764
ChIJT3qQJzT2zpQRi_9yxRTkPhc,Positivo,0.4776354166666666
ChIJ12JXXsdZzpQR5_Z3sxWaPJY,Positivo,0.4204915674603174
ChIJq_4ke2hXzpQRvXoMlkd1PLs,Positivo,0.4204342012154512
ChIJwWmPS3NKzJQRMdZYpziZiBE,Positivo,0.2533580655455655
ChIJNasv8udRzpQRQ1FJTQ2w99o,Positivo,0.4722619047619047
ChIJEyOtjU5YzpQRJi-Cf-QbjYU,Positivo,0.3990001960125448
ChIJmTxV-_xbzpQRvTn27I0E0VU,Positivo,0.5420833333333334
ChIJMxUQOZtbzpQRMFfnopTnW0M,Positivo,0.6059340277777778
ChIJ28aGz6wEzpQRfqbqeeR5UMw,Positivo,0.4893973214285714
ChIJxeRCLET4zpQRoRf5jpTHqas,Positivo,0.5790959821428571
ChIJOxDKZecDzpQRzu_YYUBdOb4,Positivo,0.4169975353422619
ChIJ1SIDcRJazpQRpxO6-Rdwqc0,Positivo,0.5019146825396825
ChIJ4T1LIS1YzpQRxdwkTeQr0w0,Positivo,0.5258147321428571
ChIJB2ssy7ZZzpQRA0VxRFuH9A0,Positivo,0.3542560651154401
ChIJXWW7cTX2zpQRF0ws_hfEDiU,Positivo,0.494609375
ChIJEcsFHuxbzpQRRsQLe-GPDu0,Positivo,0.3764267676767676
ChIJU35cDoh_mQAReb-y7415RXQ,Positivo,0.5783333333333334
ChIJZccD5r9XzpQRYxza1ongLwE,Positivo,0.284375
ChIJsdb8HwNRzpQRdhpmDd27mTM,Positivo,0.5984022892616643
ChIJkUojPZtXzpQRpEJwvrmhUSc,Positivo,0.3853993055555555
ChIJw_NCSQSx3pQRBini3dkaTb8,Positivo,0.3743657407407407
ChIJUSpnAqr5zpQRcDtkw0UEYno,Positivo,0.0498243124266683
ChIJQ8JnB9RZzpQRyhwKLiZVucU,Positivo,0.5407337042297979
ChIJWx0Ww2H5zpQRvRNUSvCc52o,Positivo,0.4538631102693602
ChIJ3WyiFbP3zpQR64XcYr4b6sU,Positivo,0.4690885416666667
ChIJzYBViaT3zpQR1bNXlXq1YPE,Negativo,-0.1906184895833333
ChIJCVUBVCv4zpQRqBgvXeXlrYE,Positivo,0.3861338141025641
ChIJ65tVzDFZzpQRRfhrDbB1OJA,Positivo,0.2715494791666666
ChIJYXmo1MdZzpQRLxnXxWeaLiI,Positivo,0.5888888888888889
ChIJA39GgiZJzpQRwl2gnXQ_zMg,Positivo,0.5589508928571428
ChIJzWMa7l1pzpQRDJsub-2k1Mk,Positivo,0.5264693603135698
ChIJH7_EYsLVmwARkCAGqaYkksA,Positivo,0.3629278273809523
ChIJiSCWOORbzpQR7IW5VHhZX18,Positivo,0.3012753739316239
ChIJlcP7wWJDzpQRRhkl208svUY,Positivo,0.425
ChIJSa-PHSxazpQRqG8kOVBqpHk,Positivo,0.5844097222222222
ChIJLZAxhsdZzpQRqTokkP9PAKg,Positivo,0.2351426175820707
ChIJS4XuOgpazpQR84vpvrjCwkM,Positivo,0.5173791035353535
ChIJZdSM1cP5zpQR3IwR5zcoY90,Positivo,0.5880357142857142
ChIJo4LcX4H4zpQRNnrb37QV7W8,Positivo,0.3038020833333333
ChIJAU9qJLL3zpQRLaIn08ZgJnQ,Positivo,0.3408134920634921
ChIJfxZu6MP5zpQRJemvGwI5l7g,Positivo,0.4375
ChIJXRtn0dL-zpQR04DSr8aAM0Y,Positivo,0.6555104166666667
ChIJRS1kpV1ZzpQR8dkhHAKuTuk,Positivo,0.4417708333333333
ChIJSUTZWRiw3pQR7FdQ75KILDQ,Positivo,0.3736072781385281
ChIJH2pObGdYzpQRXIJ8SIG2S1Y,Positivo,0.4716778273809524
ChIJC3zvDp1QzpQRwfbLQpYBEac,Positivo,0.4249151334776335
ChIJ_2yVSatZzpQRF3HLnZHRJco,Positivo,0.4696028645833333
ChIJKQMG_2xRzpQRsvEniFrQI9w,Positivo,0.5878806029040404
ChIJqQCdC8RZzpQRuaTZJUeo004,Positivo,0.2543331916099773
ChIJzU9oGxVZzpQRtMhKbFVZtRg,Positivo,0.3025988152472527
ChIJQ5-q7ldYzpQRG9Egoh9qPVI,Positivo,0.7429166666666667
ChIJExtlk-BQzpQRDRqQx94jbWM,Positivo,0.5022154017857143
ChIJOwjAKTNYzpQRCPZHOOM77QU,Positivo,0.2928478629298942
ChIJp8YFJL9ZzpQRlJ5V_xqFxEU,Positivo,0.5238711288711289
ChIJW8QqIJZZzpQRKY_ev0XC6io,Positivo,0.4911667404565131
ChIJ-0Kg6lFYzpQRM6G-6kGeFkc,Positivo,0.4793923611111111
ChIJnwdJsFVYzpQRp3yJhTvySAY,Positivo,0.268976886209029
ChIJQbd44VFYzpQRRi53LxrO-XE,Positivo,0.3520746527777778
ChIJ98Rlo_5XzpQRAp8T3lx-Qac,Positivo,0.2040136103683897
ChIJuVLajF1YzpQR_4XBCQyYzNg,Positivo,0.3115854414682539
ChIJ6xejhLhZzpQRakp7TIMvY5k,Positivo,0.3886779626623377
ChIJK73OtlVYzpQRmxTwBZPKlaY,Positivo,0.3655556588955027
ChIJdcQM1SpYzpQRpD3Wz1v6JK0,Positivo,0.3151896569865319
ChIJ1frS2L5ZzpQRYTC8j56RdGQ,Positivo,0.3272245606575963
ChIJRfw1I4dZzpQR7WlXbn3WN7g,Positivo,0.5
ChIJQRsiQlRYzpQRCkklxqTT76E,Positivo,0.3825297619047619
ChIJKVnO275ZzpQRx7YyPPJdmNY,Positivo,0.3448532196969697
ChIJ18PwP7V1K4cRleDxNGAyzEg,Positivo,0.3743571428571428
ChIJKY73HalZzpQR1ZE9JE8dzS0,Positivo,0.6110466269841269
ChIJeYSi6VZYzpQR0GG1Crup1Vc,Positivo,0.5916666666666667
ChIJy_Nx8yVazpQRfS3c9meKjik,Positivo,0.3368489583333333
ChIJt5oHnnjk3JQRBasruEmnG9M,Positivo,0.3881998697916666
ChIJl2QPn1BYzpQRQAuiqpQGP0Y,Positivo,0.6665625
ChIJA1dkWKBZzpQRNcE14mmzErQ,Positivo,0.3047805059523809
ChIJZU3jiE9RzpQROotKHYYQGs4,Positivo,0.3312135416666666
ChIJ2aUWIZv3zpQRX8Z5vB3957c,Positivo,0.3838408569512085
ChIJlYzOp9lZzpQRsgQfSrC7_60,Positivo,0.4175852617105202
ChIJVXbLQGP3zpQRBRrg9gCsICs,Positivo,1.0
ChIJdaSu5pVbzpQRgFxglb_F-sU,Positivo,0.34375
ChIJe6fRC_5ZzpQRHjYHerQkyzQ,Positivo,0.2810512329931972
ChIJ63-8ytRZzpQRubXlgrtwe8I,Positivo,0.45525
ChIJgwSldDxYzpQRQuSu9ghEJqc,Positivo,0.39953125
ChIJ74B2rjpYzpQR1AIbV34-5g0,Positivo,0.387316829004329
ChIJ8R0umdiSpgARZb4sukbdL48,Positivo,0.4501785714285714
ChIJr-JVVPT3zpQRSA_eDy45jlM,Positivo,0.4827915313852814
ChIJx8zMKykZzpQR_-l2tv6nA4c,Positivo,0.4683839285714286
ChIJseE6a4RXzpQR71XUkr1Gipc,Positivo,0.0222693076599326
ChIJk6KZjnljzpQRa7nWEb18oPE,Positivo,0.4032206530448718
ChIJo_VhA_v4zpQR_VlSwgJSgEE,Positivo,0.5518489583333334
ChIJ00w-uqRTzpQRxW3Bciz9vnM,Positivo,0.2686363636363637
ChIJx0VXo-tZzpQRDgCYXHTFUsw,Positivo,0.4582222303985697
ChIJo-Mg4Z9XzpQR6GbkI0y8h6A,Positivo,0.2937759289321789
ChIJd5-THXlTzpQRYKjgjvqIWiA,Positivo,0.4286542426215278
ChIJy79h2uD3zpQRwxu5JIaiq18,Positivo,0.319609375
ChIJLW72boJBzpQR4GpPGubnxWA,Positivo,0.3505753968253968
ChIJD1Ukj9KbyJQRNbBDuRqeF8s,Positivo,0.43042578125
ChIJU270e2pZzpQRKz2ADjyq6Kw,Positivo,0.3997375020812521
ChIJb7XAtNP3zpQRIst7DKOG_Dw,Positivo,0.5709375
ChIJj7de39VZzpQRdgC2DqWt1tM,Positivo,0.5944369212962963
ChIJySdhty9azpQRC4ymzQX8c3Q,Positivo,0.4376736111111111
ChIJaSb9FNdXzpQRElJF8btpVxk,Positivo,0.4504898807479723
ChIJj4FXBGFRzpQR7LXAktHyo8c,Positivo,0.5735250289351852
ChIJ51vwtYlezpQRfNL4xHbWdAU,Positivo,0.3885475852272727
ChIJq6oGJ-H3zpQRezSvQ3j94Lw,Positivo,0.5333187905844156
ChIJMx_GCb1XzpQR0HcKUeEoCxk,Positivo,0.3247000530840991
ChIJQQ4oFwxZzpQRAHaNTb8Y-1s,Positivo,0.483437732514881
ChIJnwy2hfBZzpQRuqKDZ1ItaKU,Positivo,0.319237373549138
ChIJA5-Bq2VRzpQRTrCNAAZKPtY,Positivo,0.508378745437569
ChIJRZJKETRXzpQRxjpxCdMt86Y,Positivo,0.514453125
ChIJ_RW-xpRbzpQRoYO8SeQkN8Y,Positivo,0.2681230946632732
ChIJw9eut0j4zpQRIzOmgPiloKU,Positivo,0.478125
ChIJOy6atZvm3JQRRFpujAmMeO0,Positivo,0.3705605158730158
ChIJecU9gcDNyJQRdLbIg_1Jeus,Positivo,0.437875
ChIJBR4kSirl3JQRbRvdILMtuHs,Positivo,0.1036567283163265
ChIJ8b6m1ij3zpQRt-08XCNeUio,Positivo,0.2955401785714285
ChIJZfhsVTRXzpQRpdQmK1du-h8,Positivo,0.5062053571428571
ChIJcZbjn9VZzpQRFSUcBEhHY_s,Positivo,0.1950233843537415
ChIJz9E8I4n4zpQR_FlL8QBVg58,Positivo,0.5604340277777778
ChIJe45oNJZXzpQRUXYN4bE42h8,Positivo,0.3063888888888889
ChIJA0KVDHlZzpQRfoEX7i7tkss,Positivo,0.4078400005835667
ChIJWydMUNf5zpQRmkOA69AXL28,Positivo,0.5300081845238095
ChIJq1cGjSxWzpQRqNuO9_rieo4,Positivo,0.4435751488095238
ChIJOwEnqeE7z5QRqzpOARdjtko,Positivo,0.5673842592592593
ChIJVdC54EdRzpQRjKDnxJHeMIw,Positivo,0.3338081597222222
ChIJnRQ3QRJFzpQRGx1rJ7z2JM0,Positivo,0.5985946969696969
ChIJdV0_BWHPyJQRnvkPtnlgKV0,Positivo,0.5421964865491651
ChIJP3_FYif3zpQRGlU3-UDnN-s,Positivo,0.4296069399350649
ChIJbSZcETj2zpQR5ILJXgihWWc,Positivo,0.2
ChIJK40dB1d3uJQRjUb-qWDyZUE,Positivo,0.685146949404762
ChIJq9Nhq1f0zpQR2DatgJU4ls4,Positivo,0.4423058712121212
ChIJiauVDXpFzpQRpUnjROCmYNQ,Positivo,0.91
ChIJoyDh3CpOzpQR79ABAo64ZOc,Positivo,0.536328125
ChIJjSfocWldzpQRDZLZGeuTEpY,Positivo,0.4666232638888888
ChIJkwMNaMX5zpQRii_lGL9mkdc,Positivo,1.0
ChIJC7JTu2L83JQRiIaVE503amI,Positivo,0.1697840831043956
ChIJ-f5TX77BzpQRf0tNQK_3-48,Positivo,0.5609706959706959
ChIJ7fy-Ah4ZyZQR0nwyT1z5_W4,Positivo,0.5176272852891157
ChIJV8S7Ru9YzpQR2pelpjItTac,Positivo,0.3930045056216931
ChIJK1li6l73zpQRNOOBxZbTrOM,Positivo,0.4734050324675325
ChIJfxdRZ6lezpQRU3sgt1GnAnk,Positivo,0.3685372023809524
ChIJIyCDVh17zpQRMWifXKGXMRU,Positivo,0.6033333333333333
ChIJN_4_HSz2zpQROWUW31IvWgs,Positivo,0.3843101851851851
ChIJb_bpYnX4zpQRATGqUxzThF0,Positivo,0.1375984655225726
ChIJzZT0B2RazpQRO5rFL0ORysw,Negativo,-0.1685162337662337
ChIJseZXASz2zpQRSE4GSvSqvgM,Positivo,0.384375
ChIJp_AxXYRZzpQRGOHFzd-fvxo,Positivo,0.6465060763888889
ChIJKX-v5ZJezpQRPiG74Q5J9zw,Positivo,0.3972222222222222
ChIJOSunPOdXzpQRWMQUd-WV9lA,Positivo,0.2493749999999999
ChIJByafLoL4zpQRs_dav9zKixI,Positivo,0.3222916666666666
ChIJBzlfFfvwzpQRYT54sLOFSqE,Positivo,0.4845549242424242
ChIJgW0-vSeLxZQRuu1qhXZ4ZHo,Positivo,0.4525
ChIJJ6_o301YzpQR7Bp3-lgm-Gg,Positivo,0.6785982142857143
ChIJkShyUSau3pQRanzBtkrvL-Q,Positivo,0.25
ChIJX-fHq1VYzpQRsdBw58nt9_U,Positivo,0.4530536954365079
ChIJS1H2d4ZUzpQR34AW7KQQfbI,Positivo,0.5
ChIJvTEJyfhYzpQRmqLfVcLijc4,Positivo,0.5068190414186508
ChIJKbSdI6tezpQRhO_uNkpg5YM,Positivo,0.3453738839285714
ChIJD8Mhtiob6JQR08QIeWovm2Q,Positivo,0.585
ChIJV0zyVHHk3JQRu2VHjJqzYCU,Positivo,0.3620598958333333
ChIJyxI3fOVWzpQR6Pseb-ZVszs,Positivo,0.6085525568181818
ChIJDSjswYdZzpQR03vQLS0KrJ0,Positivo,0.3697916666666667
ChIJp2dpfaFXzpQR1iktbn2sKXE,Positivo,0.0269405381944444
ChIJ15xqwHlXzpQR-wSlgx8ckJM,Positivo,0.3792985335461248
ChIJfadx80xYzpQRyHnuTnmQmDA,Positivo,0.3061272547798522
ChIJCVlznCn2zpQRYFHFVczaPRk,Positivo,0.484375
ChIJ263iHLGtvZQRyhT9p5w5_ns,Positivo,0.7185565476190476
ChIJx108TiZZzpQRN_hlgdWHWEM,Positivo,0.6121015625
ChIJVXNUV6tZzpQRM3RPiQTdE_A,Positivo,0.3629831349206349
ChIJ15ygksCKxZQR2zxTVnMqKWU,Positivo,0.2262341864259477
ChIJ_Wt-6FhYzpQRLlBnD-wM4BM,Positivo,0.3789285714285714
ChIJGRfd7cdTzpQRFCAZW1T5DMg,Positivo,0.479375
ChIJDye1hm1XzpQRKBFhCtivubE,Positivo,0.7553436147186148
ChIJqTYeZPB_mQARQGOMFfZI4RM,Positivo,0.3918366114561767
ChIJg43TZcdZzpQRC0qMKnP2cHI,Positivo,0.5668576388888888
ChIJD2__DH2ZyJQRfGD4vzZtypE,Positivo,0.5210416666666666
ChIJ_51V-DJYzpQRpseSK7jk3Ww,Positivo,0.4458333333333333
ChIJaQN1eIVZzpQReUH_vgfkp7g,Positivo,0.4538839285714285
ChIJY75LawVazpQRwBw8A7VNAKw,Positivo,0.4538839285714285
ChIJnysjGDVYzpQRfZ1zgXaVFOg,Positivo,0.2466145833333333
ChIJcSJWD89QzpQRNScaWb9zcjs,Positivo,0.2229477306547619
ChIJc8VAWdxQzpQRJWAn9tn5zKQ,Positivo,0.2229477306547619
ChIJj67LLE74zpQRvmCzkeSV6bc,Positivo,0.361547619047619
ChIJG7HwmhFazpQR8FYyeympwGI,Positivo,0.3354504870129869
ChIJz1WJvGBYzpQRTAwElrpasmk,Positivo,0.3869255952380952
ChIJm-Y-AmRYzpQRL3FtlulbrAg,Positivo,0.2775351355820106
ChIJ2TuilrBbzpQRcsTmdq633Qc,Positivo,0.9
ChIJ9-ej45xXzpQRAZ6onnQJBro,Positivo,0.3530316250079577
ChIJXxnExT1gmQARn5EyL57pCuM,Positivo,0.2341666666666666
ChIJG9G0Z85bzpQRTwinDTk4dh4,Positivo,0.2375625
ChIJ8yRoGw5azpQRbDOV-n61hew,Positivo,0.4793192762821669
ChIJG4wc-ldIAQcRfV8qt4__BUs,Positivo,0.4972916666666666
ChIJM23eI7X3zpQRqqF4ngu2tus,Positivo,0.407001488095238
ChIJfTZeF_BEzpQRyJY4B09VbbQ,Positivo,0.3700768590856481
ChIJwRm9mo-ZpgAR-1v7Uj_uiMA,Positivo,0.40234375
ChIJzwiN3BZZzpQRj45WoxyIwH4,Positivo,0.466908219818376
ChIJU8gi6YBZzpQRxlK4ReHeSno,Positivo,0.4722284022346344
ChIJWTlQ54VZzpQRrWgEIwjRu5s,Positivo,0.2797081772394272
ChIJxwOpcrBXzpQRXiWqf4Sigtw,Positivo,0.4755233952555381
ChIJVYYHB1JYzpQRYDo8PMx2tOY,Positivo,0.3821614583333333
ChIJVX1PCYNZzpQRWzFZiLxLCHM,Positivo,0.4768306953463203
ChIJL6zyR6ZXzpQRAOwaP8ksrPQ,Positivo,0.547078125
ChIJ6QfZ1UxRzpQRUPUEfN6cc80,Positivo,0.6227006802721088
ChIJGbDeM09XzpQRR3Okpl-5CZw,Positivo,0.4620752429759782
ChIJ50x2TcX3zpQR7OuLiIfIspY,Positivo,0.3697916666666666
ChIJ1_Nc5N9PzpQRQsHC3E1CulM,Positivo,0.3079166666666666
ChIJt6A-LZ1jzpQRg-Ph4jMZdO8,Positivo,0.3079166666666666
ChIJb9PbONRZzpQRf_YPoWL5owM,Positivo,0.1992784429112554
ChIJl3Dfl2r3zpQR6UddU-HMEaw,Positivo,0.7999999999999999
ChIJc60im7hZzpQRdkemOlkvH4w,Positivo,0.1275849738043365
ChIJae-yBIzFsY4Rr8U0LYwm1HE,Positivo,0.3131652866809117
ChIJSxYl_11ZzpQR_tqieOCeVVU,Positivo,0.2095258445258445
ChIJb2y9qlxZzpQRa7PgvWDngs8,Positivo,0.2221355685131195
ChIJFd1_21hD65QR2gUR2O0ciUU,Positivo,0.476875
ChIJUfXALND3zpQRq1PODPZ_J04,Positivo,0.4195525568181818
ChIJYSrtxaFQzpQRSfalfPY_uqA,Positivo,0.2994168956043956
ChIJuWhPG1pXzpQR8RbxXQSSEFk,Positivo,0.4192144510582011
ChIJQRFkjOVazpQRQKj2RHBhb9k,Positivo,0.6236328125
ChIJEY3BLZnJzJQRZNlDmcuhQBk,Positivo,0.4596969696969696
ChIJIQdQJatZzpQR4cZPIILajHs,Positivo,0.3571759259259259
ChIJK3HKSBj2zpQRuZm9xQYQ_Tg,Positivo,0.4375
ChIJadWy0X_3zpQR1JndmyJ7R8k,Positivo,0.5642261904761905
ChIJ2a5ictd1K4cRV8FUmMRO3ys,Positivo,0.4610913986806844
ChIJ7XxVOPvwzpQRSQTd2jItJfI,Positivo,0.5645833333333333
ChIJ6-cyK_f5zpQR4Plcc9izCSE,Positivo,0.4011149088541667
ChIJCaUFxsxZzpQRQO93YKHQBz0,Positivo,0.3813020833333334
ChIJzSvBYhpZzpQRI24qgusn5VI,Positivo,0.3753763521634615
ChIJiY8sb6tZzpQRi2tTGcxxWUQ,Positivo,0.4256488095238095
ChIJa1XC_gFZzpQR6ZbaEJ55900,Positivo,0.5161830357142857
ChIJYwEBwJ1XzpQRWrGNAyfOyHo,Positivo,0.3179615534205378
ChIJ1_uDFb38FAsRkWoZgNBhdnA,Positivo,0.5013948567708333
ChIJU4b7UqtZzpQRTGccgq_JJWQ,Positivo,0.3029427846459096
ChIJabMAAKlZzpQRmiHcuY1771E,Positivo,0.3219696669071669
ChIJQekODKxbzpQRCbNJDHm5LAE,Positivo,0.4935911305316547
ChIJ8wpVIzVYzpQRGP82E0Wjc9g,Positivo,0.1599937608506944
ChIJq6p6oD_amwAR0Cmb6kUgFe0,Positivo,0.1599937608506944
ChIJ3QoilSRYzpQR1vWdCJ0kKY0,Positivo,0.3810532407407407
ChIJI5G0TnsNxpQRfN5NQXDiVAw,Positivo,1.0
ChIJWdNCY2umsJQRB8yypZ9aMXw,Positivo,0.5742390873015873
ChIJeW1KK5tZzpQR-Z7D35FgGpU,Positivo,0.3090792410714286
ChIJyesOOjZbzpQRkDFW9NMCOIk,Positivo,0.3129065205627706
ChIJocgmU_RZzpQRWPUVM6aHnOw,Positivo,0.2249142784299034
ChIJ9YKDgBdYzpQRwOecNXscrg8,Positivo,0.466852195423624
ChIJS3smUH9ZzpQRGXtPX_lvbAg,Positivo,0.4208940521284271
ChIJY3PsVJ1azpQRGdQHFE54LDw,Positivo,0.4254166666666666
ChIJ6_wazeZQzpQRfElnUnYcUtQ,Positivo,0.6125
ChIJXRRQpS1ZzpQRDXGIYlNyndk,Positivo,0.3896800595238095
ChIJ30hraeFXzpQR1X65hn9OzvU,Positivo,0.5152954545454546
ChIJRaFStX_3zpQRThV2HlXqcU4,Positivo,0.4149899202105084
ChIJIcbzSZZXzpQRrchVuCOmTuM,Positivo,0.2536179159347872
ChIJ9-KThDtYzpQRkkwbcRJrwGk,Positivo,0.2536179159347872
ChIJ1b3-I_5ZzpQRt3SmT8fpi8Y,Positivo,0.2536179159347872
ChIJJQkuGNVZzpQR1Qx5UVbG1zs,Positivo,0.2536179159347872
ChIJgx608EpYzpQRBtllqI9avlo,Positivo,0.3358854166666666
ChIJQ3-bzK1WzpQRDLc5bXw4Wpc,Positivo,0.5554568452380952
ChIJH6pXT5JZzpQR_19lhyyTY-4,Positivo,0.3264583333333333
ChIJtTnRlkq5uZQRV2szibPNFRk,Positivo,0.5248484848484849
ChIJgf7HuX9QzpQRuVZb8Ys6DhM,Positivo,0.3813888888888889
ChIJDTZlRxj2zpQRYjeMomQ0daI,Positivo,0.4125
ChIJMfAmvCZbzpQRH6301mbFzL4,Positivo,0.4279492984693878
ChIJK1V7c4lbzpQRDE44LnyW-xc,Positivo,0.4117774283008658
ChIJ26F_ILX3zpQRpg7bC96z82I,Positivo,0.4817708333333333
ChIJxd1brrVbzpQRyGBNe4zeyo0,Positivo,0.3126542325085811
ChIJWz3R7e_3zpQRv3DnEFLTS9E,Positivo,0.2334871794871794
ChIJhxu-OBRZzpQRRk2Bwv_hqC8,Positivo,0.429108195045695
ChIJj5IGUxz3zpQRQdEZr1Ou6U4,Positivo,0.6341145833333334
ChIJ99SAg05YzpQRbpPmmFrnhLk,Positivo,0.4992943948412698
ChIJJ45OI2hXzpQRXJl5Lij_BSw,Positivo,0.5966145833333333
ChIJLWPYIeL3zpQRRVNIvvQ7Tbg,Positivo,0.4505249669312169
ChIJ-XCzDeNbzpQR88iE0Iv7hgE,Positivo,0.4660769498771731
ChIJoU3JAmNezpQRI-2wOMJPEY0,Positivo,0.473110119047619
ChIJEyape9D3zpQRqvrahzLve7M,Positivo,0.4435509672619048
ChIJnSHUSS_2zpQRqEeESQh-US4,Positivo,0.4435509672619048
ChIJKVJnqxBazpQReldqd4ZMAV0,Positivo,0.6406627747252747
ChIJ1YvDGsRZzpQRhisI0jWDj2A,Positivo,0.637604767917268
ChIJRfFAPk32zpQRLdq_Jmls010,Positivo,0.2712415996141539
ChIJE0S6Qtb5zpQR1DpUH6rUPdU,Positivo,0.2712415996141539
ChIJJyaqP-FYzpQRRoDL--K_dJ4,Positivo,0.2712415996141539
ChIJgXJWcw7BxokRJQug18HE2xU,Positivo,0.2712415996141539
ChIJbbohXmhRzpQR7937AaIXfUI,Positivo,0.2712415996141539
ChIJ9QYzCCNRzpQRfDD129kxnP4,Positivo,0.3273811026936027
ChIJe5d1ZMJZzpQRDBPnvPrY0DY,Positivo,0.4479045917913105
ChIJ_Tr6459FzpQRFOey4KLDeow,Positivo,0.1222786458333333
ChIJm5Pbhsv3zpQR1Ed8m--ds1s,Positivo,0.6064583333333333
ChIJkXCcxo1YzpQRKC6ZmCwkEzc,Positivo,0.3874375
ChIJGd2l-QH4zpQR231Rg4ruJLk,Positivo,0.91
ChIJMwbG4VJZzpQReTT-tYDCxvU,Positivo,0.4214913194444444
ChIJHykXLbFZzpQRH2-P6Ewsiw4,Positivo,0.3519846126818783
ChIJEchOMJf3zpQRa1N7XuM2dN0,Positivo,0.3516666666666667
ChIJh_c911FazpQRbu4HdZMqgVs,Positivo,0.4160796049188906
ChIJ_RL4ZmdXzpQRTVjvYd56_kM,Positivo,0.4900809594671201
ChIJF5zUT9T5zpQRSSajaXHy2CQ,Positivo,0.6793098958333333
ChIJxRFEFEBXzpQRHeWNJX73-4s,Positivo,0.4079110299422799
ChIJM497jDtYzpQRPO5yrikhqTE,Positivo,0.3270912247474747
ChIJAQDMvNVZzpQRrwqLrcpWOe4,Positivo,0.4582094494047619
ChIJxdt28iPX7JQRRh8m-7Jt_Uc,Positivo,0.0615309665532879
ChIJr0zbnftazpQRtGKRlUzN7IQ,Positivo,0.2792888257575757
ChIJ60-iUndezpQRALwR7U30jPE,Positivo,0.4742183294772187
ChIJOSnrkudQzpQRLvsGnyS9JCs,Positivo,0.3009875682043651
ChIJU54xWDFazpQRqLTeoDuL63w,Positivo,0.2940104166666666
ChIJuQo-2VFYzpQReahyg8RHnmY,Positivo,0.2316239316239316
ChIJ1TA1tS5XzpQR1uO2uXr59kM,Positivo,0.4013938492063492
ChIJpWxDPZf3zpQR2o9MJ2AL7Ec,Positivo,0.3563293650793651
ChIJexAT47D3zpQREqU34EvMJp0,Positivo,0.4345703125
ChIJ2_s3giL3zpQRCwtHneq7eic,Positivo,0.2213352037863757
ChIJDX3YdcRZzpQRBcLG7L16b8k,Positivo,0.4666145833333333
ChIJJWX0yWdXzpQRAoSJuBGp6gg,Positivo,0.3828125
ChIJncRKCXdRzpQRB3lTZCO37p4,Positivo,0.6624900793650793
ChIJyx_lh65bzpQRHo8chdPNZfA,Positivo,0.5419444444444445
ChIJSfiCgplZzpQRtiuYwQKpfEc,Positivo,0.5706249999999999
ChIJx4XhvZBYzpQRsStcbe81j8E,Positivo,0.5241127232142857
ChIJTe5ow6pZzpQRPODse_dsL5Q,Positivo,0.5104654947916667
ChIJy9S3ZFxXzpQRxjAueUzulDw,Positivo,0.1709398674242424
ChIJ6YQdCZyXpgARJxtWbmE5ysU,Positivo,0.4497834746272246
ChIJ_xM2eFf3zpQRUfspzIfvWys,Positivo,0.4016171875
ChIJH1jNCP5PzpQRVGQUcXmYoig,Positivo,0.1758333333333333
ChIJT9ZNlPP_zpQRxrfVky6DRRE,Positivo,0.3558681972789115
ChIJAQBk4MFCzpQRZMwfvy0e0Xo,Positivo,0.4665178571428571
ChIJSXI2nolZzpQRlNnOy4x6QV4,Positivo,0.4906372863247863
ChIJPZ_iuTJYzpQRxC3-CJjKL9g,Positivo,0.3257961309523809
ChIJbaZYhIdBzpQRJ3Oafmuo9b4,Positivo,0.3388345797720797
ChIJrUy18LvDpgARcMBJQ7HG5T4,Positivo,0.5896296296296296
ChIJIzLv6HxnzpQRYYgMXZHYkGE,Positivo,0.4438423005565862
ChIJmz3ITSn2zpQRxvOx13Gno-M,Positivo,0.3274305555555555
ChIJYVPG__D3zpQRi5jl95D2-P8,Positivo,0.501875
ChIJyRb7ENZZzpQR2QbqPYdsNL4,Positivo,0.3655228336478336
ChIJMcnvdSz4zpQRSx9N7AZrXIE,Positivo,0.3249652777777778
ChIJ6yq6vepezpQRoEa7FS5Vbyc,Positivo,0.538125
ChIJrxfDO-r1zpQRZR9fQAcUAaQ,Positivo,0.6633333333333333
ChIJNU1mYLtZzpQRLqJPglPsy24,Positivo,0.4515745132688492
ChIJYyhKFfbv3JQRsDvNn_Fs46I,Positivo,0.630625
ChIJE-QDyIhzx5QR_U3NM6EF_jI,Positivo,0.5906640625
ChIJx2pOPCtlzpQRl16KXeT9ey8,Positivo,0.375
ChIJK13v0ctQzpQR0e95Lhan-cU,Positivo,0.4396874836831662
ChIJwaLNxXlXzpQRYMrrV778BMM,Positivo,0.4516728766025641
ChIJo2g_DDlYzpQRcYCzmfUmAgI,Positivo,0.4369791666666666
ChIJtw0FD3M1zJQRpuqVuJGsKCo,Positivo,0.28125
ChIJby1zFqpbzpQR7gDkjIhTAJ0,Positivo,0.5354846681096681
ChIJEYSYGaD3zpQRXkDAsjvhpGs,Positivo,0.3750955590569561
ChIJDZUtf_-apgAR2mJf2ebj7Os,Positivo,0.4719872271825396
ChIJx3p2z9hwK4cRs9csTzqkRhU,Positivo,0.4846447736291486
ChIJ1_rrIPD8zpQR-Bj9E3CHCPQ,Positivo,0.7816666666666666
ChIJsUvtjMRZzpQRIV9yNjTkbUE,Positivo,0.5084003985432557
ChIJ1a4YOIddzpQRtvGf6xQAQog,Positivo,0.3195529513888889
ChIJvftKA1X2zpQRtUqtDljUFnQ,Positivo,0.3377607266865079
ChIJ872Ut5cDz5QRLv59gvTcrXA,Positivo,0.3960416666666667
ChIJl0HiyTpZzpQRjRagxigN9tM,Negativo,-0.1783232118758434
ChIJFdTuiAJZzpQRM9SqJGU_oMw,Positivo,0.4040972222222222
ChIJJXMcJlpYzpQReBaAjwFeXDI,Positivo,0.6164305555555556
ChIJvfGnYkpZzpQRFVEXt3teQaE,Positivo,0.5204413104256854
ChIJ59d5yl73zpQRagP7VTI7P6E,Positivo,0.545094696969697
ChIJyTsbJ1hYzpQRFyIfdg7qRFs,Positivo,0.5717230902777778
ChIJ5W7Lq0BXzpQRhmW2vie4BuM,Positivo,0.1853898237179487
ChIJWYtgBtdZzpQRP0GVQYNmskY,Positivo,0.4959832875457876
ChIJO7qpSgxKzJQR9I4HI4G4ugA,Positivo,0.3788727678571428
ChIJ8-lyArhnv5QRVw7zCaR6Qd8,Positivo,0.1725327858416094
ChIJwc8wJu1XzpQRnVGJ6sQkNg4,Positivo,0.4852533895502645
ChIJSxa0PeiWpgAR4C-N7ENjocE,Positivo,0.0651041666666666
ChIJp5DC5e7_zpQRpteVn7MkJxs,Positivo,0.3831250181829819
ChIJCQAAWFNazpQRTZoCB_4lYcA,Positivo,0.254364402958153
ChIJ08g_akxYzpQR0RO2V9l10wA,Positivo,0.4460341435185185
ChIJ1ZdSDqhQzpQRjD3UNE98Z3Y,Positivo,0.4120381944444444
ChIJl-o3SBH2zpQRruSD0r0zodI,Positivo,0.4705381944444444
ChIJrUqi6a9ZzpQR2vogTdsbJwc,Positivo,0.4125
ChIJaQAyMbdVzpQRTNoEdJOOwtg,Positivo,0.3166666666666666
ChIJY3Ui2y35zpQRlmsD1g5IoJ0,Positivo,0.6116362847222222
ChIJT6uwEQz3zpQR9dRD-jQAzxI,Positivo,0.5024481398809524
ChIJmcXk3_VZzpQRckCy84rX2Gw,Positivo,0.2930241308170995
ChIJ4SgCJ8JazpQR8z5zFXqBU14,Positivo,0.3458333333333333
ChIJLVT1TSD3zpQRktrvuklNuko,Positivo,0.4953508771929825
ChIJB5YG3b6v2JQRmATzsLv_XCE,Positivo,0.4946457318722944
ChIJa--tow1-mQARixaMb9nDCLc,Neutro,0.0
ChIJKdgB3tJZzpQRPavAu0IR--E,Positivo,0.5127041107930531
ChIJ1e_XtaFZzpQRwnX_zN-5Bpo,Positivo,0.4443123657716291
ChIJt_PsxzX2zpQRYLNGTDlE8-Q,Positivo,0.6129910887723388
ChIJtyRW09ZZzpQRLt2nWdS_H1o,Positivo,0.4854296875
ChIJH4in0ndXzpQRK2L4CJXHGN4,Positivo,0.4072833994708995
ChIJU5UUx1RYzpQRWUs6_yqQFGc,Positivo,0.2934574821879509
ChIJF-Ki2_BazpQR2d5joJLl7Sw,Positivo,0.4150669642857142
ChIJn-RdVSFazpQRk1A4kp2XCpU,Positivo,0.2355981559290383
ChIJl0MlbYxZzpQROAOyGf15cGg,Positivo,0.3620049152236652
ChIJtb39eG1XzpQRemjrBmnNDR8,Positivo,0.3064676395652958
ChIJ_w4v8VRYzpQRgI85TJUcStk,Positivo,0.4238983585858585
ChIJm2OcUOtYzpQRvQ0lNNaEdYQ,Positivo,0.4855078124999999
ChIJ_7jIrub3zpQRO59WE3eCH74,Positivo,0.3329427083333333
ChIJPYjSjKFZzpQRdixbcdSnGJ4,Positivo,0.3662882099454365
ChIJy3emzfD1zpQRNS5KVTllSYo,Positivo,0.25
ChIJAVL-qjtQzpQRw3dB-iTeawA,Positivo,0.5125
ChIJ-6pDDo90VwERXpuj7tOdBDc,Positivo,0.3095703125
ChIJL_QzvhpTuAARTrTMcbMDWPM,Positivo,0.5814322916666667
ChIJUwS5XbFZzpQRlbthaBBx7qw,Positivo,0.4429773851689436
ChIJOVhwdwD3zpQR7npu32VRx6k,Positivo,0.3360833333333333
ChIJ9-VhjVxYzpQRVOBQt5ohttw,Positivo,0.3176674107142857
ChIJTfuzt_H4zpQRDaxFKpNMLjY,Positivo,0.5401736111111112
ChIJ03JubUv4zpQRJ6IJoMRHPyo,Positivo,0.2463580229294515
ChIJS_27lD9ZzpQRNX4n58VjOVo,Positivo,0.4593790302579364
ChIJAV8zGeKZpgARJ4iWCWZ9rR8,Positivo,0.5304476686507937
ChIJc7C0To9ZzpQRxI8xZGKRSRM,Positivo,0.3388454861111111
ChIJw_abVmpYzpQRLN6tn1O44xE,Positivo,0.3772291666666666
ChIJC__Vpbp9mQAR93A_yXAlhd4,Positivo,0.4286979166666667
ChIJB3BpeYNezpQRBSogjsYrHpU,Positivo,0.295153992431918
ChIJU_advCb3zpQR64E6L6_osTM,Positivo,0.3134681637806638
ChIJ_1yVojj3zpQRCprgaPeRrTQ,Positivo,0.3967833694083694
ChIJtzv3y8NZzpQRIGG80p0Jbtw,Positivo,0.1997083333333333
ChIJNUfdPZpZzpQRSl59fVe4YG4,Positivo,0.3024121572871572
ChIJxxOSemhXzpQRyaxf-SgTk98,Positivo,0.5716753472222222
ChIJ95440tZZzpQRTp78SWYC6GE,Positivo,0.4230604166666667
ChIJI12-U5dZzpQRuqM30-9sYCM,Positivo,0.2491038359788359
ChIJH88kiz5YzpQRmdLN2ry2t3Q,Positivo,0.4826663477891156
ChIJBbzwHJxZzpQRC-7QPjHeMKY,Positivo,0.4148321516334066
ChIJhZpBtchZzpQRnRjU1MnDvEY,Positivo,0.500778579059829
ChIJcZQXYH5RzpQRnAsz6RP2WmA,Positivo,0.4555282738095238
ChIJv5LTzCJZzpQRpwUKaFq7CIA,Positivo,0.4256597616792929
ChIJKy3aEupZzpQRYQLnosu0n0g,Positivo,0.5028605248917749
ChIJFx7_O-NbzpQR5RPY4TgasXs,Positivo,0.327248106060606
ChIJN0lwp0-Fu5QRG0pML5WMC4Q,Positivo,0.3586266121031746
ChIJ7VeJwwpXzpQRYQDjChPjiLs,Positivo,0.4046294642857143
ChIJXYKxua9YzpQRG1WyE33QAsk,Positivo,0.40046875
ChIJ73-RGRC-yJQRb-VGj5LZxEE,Positivo,0.4264434523809524
ChIJHfYnRTghyZQRPoO9DrZY-S0,Positivo,0.6599522569444445
ChIJme0mbkPIyJQROJOwU6BbMZM,Positivo,0.625
ChIJb2cWRitFzpQRkLVkMy1c0XI,Positivo,0.4335052083333333
ChIJ5U9VvgpRzpQRs813kcZarKM,Positivo,0.5
ChIJtVuwafv5zpQRtEo1UZCc1p0,Positivo,0.2654761904761904
ChIJ69RYLM1ZzpQRW4_egxbaB-4,Positivo,0.397258608761487
ChIJC8ZfGxf2zpQRO5wipBPZefc,Positivo,0.51875
ChIJW1VV3W9czpQRj2dGqF8LTRs,Negativo,-0.0612258184523809
ChIJS9JQb8xZzpQRlLHlndo7ghQ,Positivo,0.3886444805194805
ChIJ_eh0MM_3zpQRKhh9zRDk5Jo,Positivo,0.3176867634680135
ChIJmX-KsMdZzpQRmeJKTyPsVFQ,Positivo,0.3426362072172619
ChIJHRAyxL5ZzpQRbXhBVWjk3WM,Positivo,0.3426362072172619
ChIJh0jTLclZzpQRQy136SoGvCA,Positivo,0.3426362072172619
ChIJB0UWvpBYzpQRGErxXALXNf4,Positivo,0.3426362072172619
ChIJ03h3jztYzpQRw2l-l4iLMjo,Positivo,0.2406845238095238
ChIJvZeUH8H0wokRR6HyeGlF5AA,Positivo,0.3669122815161418
ChIJV8CQpipZzpQRas3L7sRrnGk,Positivo,0.3887557698139477
ChIJpZJBE8j3zpQR6nXVuew-6oI,Positivo,0.3873312540083373
ChIJC01rdKFZzpQRIrzshK6aG7A,Positivo,0.0562546296296296
ChIJlRgAX1BQzpQRB0keE-DrvdA,Positivo,0.4882396596459096
ChIJlYRs7fdZzpQRnZBKohRRmqE,Positivo,0.2347079613095238
ChIJAyAYpahZzpQRbl1X5JjEAN0,Positivo,0.2533522206959707
ChIJh5uzX2iByJQRQfWWZqk-cUk,Positivo,0.3869514180672269
ChIJGYkM6cP3zpQRUgMCDb0MlVs,Positivo,0.4564854860213316
ChIJv3uWjHRXzpQRqOhDh_HCUEU,Positivo,0.3730023448773449
ChIJ3wXQWEhYzpQRO5vsLY5ihrs,Positivo,0.4665520156926406
ChIJGwycOXNXzpQR_DOWfX0PAfk,Positivo,0.4400892857142857
ChIJexJ--oJXzpQR3wqGvP8gbok,Positivo,0.58625
ChIJ4241WY1ZzpQRYuCzGu4arPc,Positivo,0.4215815521284271
ChIJlVaV2nhazpQRuPdEMmCajSM,Positivo,0.5513162878787878
ChIJA5oTV6hZzpQRX9jZ7DsK04U,Positivo,0.2445262896825397
ChIJL5oR1OVQzpQRVgX9UuPZc2U,Positivo,0.3567890625
ChIJOVFvlENZzpQRj6jvAo2ejtM,Positivo,0.3853775860345462
ChIJz36TCeJZzpQR4vkgCNah0Dw,Positivo,0.3433890735587164
ChIJRXJ9RSpYzpQReB1nTrVKxWs,Positivo,0.395277447089947
ChIJRaKLZrP3zpQReI12N2H7BG0,Positivo,0.5166666666666666
ChIJpS1xtwhnv5QR4UJTFAPY9XA,Positivo,0.7247488839285714
ChIJTxrWNxxYzpQRAcYeL8_XahA,Positivo,0.3317588847344282
ChIJ6f_AAWVZzpQREA3dKU5sM7s,Positivo,0.3840220487246228
ChIJw1vR4tdZzpQRtvehLZ5ZJrg,Positivo,0.3840220487246228
ChIJ-Qhs9fBZzpQR2H3pchcjOyw,Positivo,0.3840220487246228
ChIJZQlRiSRRzpQR22fBLvoEcO4,Positivo,0.3840220487246228
ChIJWcZURMdRzpQRt_DcdknazyE,Positivo,0.3840220487246228
ChIJ638a6EtRzpQRKUOgP6BaQFg,Positivo,0.3840220487246228
ChIJa99J0P9bzpQR3jeuv1qiaoM,Positivo,0.3840220487246228
ChIJl08AHfBRzpQR0Zny8m9fob0,Positivo,0.3840220487246228
ChIJxccNAzpRzpQR-krRosGh9YU,Positivo,0.3840220487246228
ChIJa-U9Kt9RzpQRTMyMIBTztJg,Positivo,0.3840220487246228
ChIJa8-4yaxRzpQRsMT5qDZodyg,Positivo,0.3840220487246228
ChIJ11Iw38lXzpQRGL3CygR4YD8,Positivo,0.3840220487246228
ChIJwwjKx5NbzpQROhaWsR7hbik,Positivo,0.3840220487246228
ChIJY1H8VExZzpQRIct3MWiEVxw,Positivo,0.5576853608630953
ChIJHZRk91ZbzpQRiJW3uHNisgQ,Positivo,0.2995568260717252
ChIJV3TyPFCZyJQR87S5WXx5_Jw,Positivo,0.6809332273629148
ChIJTVyAXEKibIgRUT4azPk58cc,Positivo,0.4604382365319865
ChIJk8OdyI1YzpQRwbN0pX24qE0,Positivo,0.45
ChIJm4PO-DNYzpQRaD7OHAYuWrk,Positivo,0.4239416317189755
ChIJ4zjbvJ1XzpQR_yhIliGSUbM,Positivo,0.4427380952380952
ChIJl_3Vm-9XzpQRNOAd51KB4pk,Positivo,0.5109004157218443
ChIJWx1h9UqRpgARg6VjfW_Bj-Q,Positivo,0.5121614583333334
ChIJw9YqvA-22JQRvMSrKrJ4qMY,Positivo,0.3345992476851852
ChIJeaj1_dD3zpQR9TaVmcjBVfs,Positivo,0.4627864583333333
ChIJkUoYbgD3zpQRqLKUbVYoFxM,Positivo,0.5490206552706554
ChIJgY-iHWZYzpQRUQ1dHiOh1IU,Positivo,0.5144985119047619
ChIJ9VPqh1xXzpQRgK7bLfSTbQ0,Positivo,0.5144985119047619
ChIJOwjAKTNYzpQRwR6a0vqnO40,Positivo,0.4049045138888889
ChIJDYFYithXzpQRa6_BSXOj_LI,Positivo,0.4963392857142857
ChIJuxjBPVZZzpQRSVKs40Ekrfk,Positivo,0.4128163695872029
ChIJhzLzk5_3zpQRHmMPqwt15xk,Positivo,0.2498169040161227
ChIJPcHK9TdZzpQRVqHHPlViO2g,Positivo,0.3003273809523809
ChIJEVNSJt5QzpQRJq6_T_O3u1s,Positivo,0.402672619047619
ChIJo9FYk8bXvpQR8zjiDoD1hfc,Positivo,0.5601822916666667
ChIJ___e2873zpQRgxwLuqZwyEM,Positivo,0.528375
ChIJV1wC_1j3zpQRCrOgpy20cOI,Positivo,0.91
ChIJ9T8af1tZzpQRU4r_wSTy1Sc,Positivo,0.3552134224902082
ChIJa4H6ICpZzpQRy_oTSO6KaWc,Positivo,0.3588454861111111
ChIJJSnFFdBZzpQRDH46B55PVWg,Positivo,0.4504772117180206
ChIJ_xdQF7pZzpQRnACNEIz2e4U,Positivo,0.2162693160106354
ChIJi_GmIYRZzpQRnpAxZF6gNBA,Positivo,0.2162693160106354
ChIJFyihjgJZzpQR8KrMuM3EzZ4,Positivo,0.2162693160106354
ChIJN7V2aBtZzpQRFP2KMtHYcXE,Positivo,0.5033325066137566
ChIJYdxZ6Z1XzpQRF6a4w5mWwzg,Positivo,0.522026176948052
ChIJpydZ5j5YzpQR1V_gNLyvHV4,Positivo,0.4880689102564102
ChIJaxQxFdXl3JQRPFqYBWRI5Ms,Positivo,0.40625
ChIJwc9Vx-NXzpQR9zDssRuDvzs,Positivo,0.5090698390151515
ChIJLc9VsqlZzpQRNQdsupHGQUw,Positivo,0.4395400057118807
ChIJd8SqEVJYzpQRoIluLPaPt-U,Positivo,0.4274392361111111
ChIJ47ACSDZZzpQRu2ib3NLmfJA,Positivo,0.3625477430555555
ChIJaxr5hMCKxZQRbCPpHYceOsQ,Positivo,0.4400737847222222
ChIJ5_s8IHtZzpQRogxM7GDdJFc,Positivo,0.1705096726190476
ChIJgX_VHYNXzpQRBVLomhGDEjk,Positivo,0.540139880952381
ChIJfWvfrHv5zpQRi80DTcZHzIE,Positivo,0.5823177083333333
